rpm,iq_peak_a,avg_torque_nm,avg_loss_w,efficiency
1.000000000000000000e+03,1.000000000000000000e+01,7.745183788085356624e-03,3.745752147974791058e+01,2.119423889963161639e-02
1.000000000000000000e+03,2.000000000000000000e+01,6.235120759388798617e-03,1.425054059694872706e+02,4.560965783640909266e-03
2.000000000000000000e+03,1.000000000000000000e+01,7.745183788085356624e-03,4.275304297904596496e+01,3.655527969129609284e-02
2.000000000000000000e+03,2.000000000000000000e+01,6.235120759388798617e-03,1.535042061187754427e+02,8.435371786723447340e-03
