rpm,iq_peak_a,avg_torque_nm,avg_total_loss_w,final_temp_c
1.000000000000000000e+03,1.500000000000000000e+01,1.017578074772352431e-02,7.596270762236190421e+01,2.500017529811907835e+01
