rpm,iq_peak_a,avg_torque_nm,avg_total_loss_w,final_temp_c
1.000000000000000000e+03,1.500000000000000000e+01,5.018224475688080020e-03,8.123309660093286766e+01,2.500046864998421370e+01
