t_s,theta_e_rad,ia_a,ib_a,ic_a,torque_nm,pcu_w,pfe_w,ppm_w,ploss_w,temp_c
0.000000000000000000e+00,0.000000000000000000e+00,0.000000000000000000e+00,-1.299038105676658006e+01,1.299038105676658006e+01,8.798430708947660439e-03,7.570901250000000005e+01,3.696851839873422030e+00,5.545277759810133267e-01,7.996039211585443240e+01,2.500007688499242064e+01
2.500000000000000052e-03,1.047197551196597631e+00,1.299038105676657828e+01,-1.299038105676657828e+01,1.836970198721029983e-15,-2.031254832618056838e-02,7.570903493523299232e+01,5.540415956173271539e+00,8.310623934259907530e-01,8.208051328483226428e+01,2.500015580839860263e+01
5.000000000000000104e-03,2.094395102393195263e+00,1.299038105676658006e+01,0.000000000000000000e+00,-1.299038105676657651e+01,2.984483125002500986e-02,7.570905796528022336e+01,5.309996236378370149e+00,7.964994354567555002e-01,8.181555363711534312e+01,2.500023447686725220e+01
7.499999999999999722e-03,3.141592653589793116e+00,1.836970198721029983e-15,1.299038105676658006e+01,-1.299038105676658539e+01,1.200956600849239012e-02,7.570908092093608843e+01,3.423626739554069154e+00,5.135440109331103065e-01,7.964625167142327200e+01,2.500031105930053243e+01
1.000000000000000021e-02,4.188790204786390525e+00,-1.299038105676657651e+01,1.299038105676658006e+01,-3.673940397442059967e-15,-2.417730125776034952e-02,7.570910326788153100e+01,5.540156138901158656e+00,8.310234208351737761e-01,8.208028282761786443e+01,2.500038998198474971e+01
1.250000000000000069e-02,5.235987755982987935e+00,-1.299038105676658539e+01,8.498308346471969620e-15,1.299038105676656940e+01,2.394636847060433935e-02,7.570912629771808611e+01,5.309965018292118977e+00,7.964947527438178687e-01,8.181558606875401551e+01,2.500046864998421370e+01
