rotor_angle_deg,cogging_torque_nm
0.000000000000000000e+00,9.751953735651647942e-03
5.000000000000000000e+00,-1.979634550524800085e+00
1.000000000000000000e+01,1.995501108724867079e+00
1.500000000000000000e+01,-1.711562818389575965e-03
2.000000000000000000e+01,-1.966406653624195977e+00
2.500000000000000000e+01,1.985219029721233097e+00
