rotor_angle_deg,Ld_mH,Lq_mH
0.000000000000000000e+00,2.044908527204120752e+00,2.041647596812520504e+00
3.000000000000000000e+01,2.035857621350689151e+00,2.044273867345493656e+00
6.000000000000000000e+01,2.040522049590019815e+00,2.041753030133822477e+00
